Lead ID,Company Name,City,Region,Trade Vertical,Contact Info,Target Plan,Status,Speed-to-Lead Outreach Hook,WhatsApp Channel
"priority_top10_10_1790627330338","Whitehead Plumbing & Gas","Christchurch","NZ","Plumbing & Gas Fitting","info@whiteheadplumbing.co.nz",",200 NZD","Priority 1 Outreach Ready","G'day Whitehead Plumbing & Gas! Never lose another k+ job to missed calls while on the tools in Christchurch. Zenna AI answers in <3s & texts back instantly. 7-Day Trial: https://zenna.au | WhatsApp: +64 20 4115 3617","https://wa.me/642041153617"
"priority_top10_9_1790627330337","White & Taylor Plumbers","Christchurch","NZ","Plumbing & Gas Fitting","office@whiteandtaylor.co.nz",",500 NZD","Priority 1 Outreach Ready","G'day White & Taylor Plumbers! Never lose another k+ job to missed calls while on the tools in Christchurch. Zenna AI answers in <3s & texts back instantly. 7-Day Trial: https://zenna.au | WhatsApp: +64 20 4115 3617","https://wa.me/642041153617"
"priority_top10_8_1790627330337","Heat Force Canterbury","Christchurch","NZ","Plumbing & Gas","sales@heatforce.co.nz",",000 NZD","Priority 1 Outreach Ready","G'day Heat Force Canterbury! Never lose another k+ job to missed calls while on the tools in Christchurch. Zenna AI answers in <3s & texts back instantly. 7-Day Trial: https://zenna.au | WhatsApp: +64 20 4115 3617","https://wa.me/642041153617"
"priority_top10_7_1790627330337","HPAC Christchurch","Christchurch","NZ","Plumbing & Gas","https://hpac.co.nz",",000 NZD","Priority 1 Outreach Ready","G'day HPAC Christchurch! Never lose another k+ job to missed calls while on the tools in Christchurch. Zenna AI answers in <3s & texts back instantly. 7-Day Trial: https://zenna.au | WhatsApp: +64 20 4115 3617","https://wa.me/642041153617"
"priority_top10_6_1790627330337","The Heat Pump People","Christchurch","NZ","HVAC & Heat Pumps","info@theheatpumppeople.co.nz",",500 NZD","Priority 1 Outreach Ready","G'day The Heat Pump People! Never lose another k+ job to missed calls while on the tools in Christchurch. Zenna AI answers in <3s & texts back instantly. 7-Day Trial: https://zenna.au | WhatsApp: +64 20 4115 3617","https://wa.me/642041153617"
"priority_top10_5_1790627330337","Air Perfection Ltd","Auckland","NZ","Plumbing & Gas","027 340 0693",",500 NZD","Priority 1 Outreach Ready","G'day Air Perfection Ltd! Never lose another k+ job to missed calls while on the tools in Auckland. Zenna AI answers in <3s & texts back instantly. 7-Day Trial: https://zenna.au | WhatsApp: +64 20 4115 3617","https://wa.me/642041153617"
"priority_top10_4_1790627330337","Auckland Plumbers Group","Auckland","NZ","Plumbing & Gas Fitting","https://aucklandplumbersgroup.co.nz",",000 NZD","Priority 1 Outreach Ready","G'day Auckland Plumbers Group! Never lose another k+ job to missed calls while on the tools in Auckland. Zenna AI answers in <3s & texts back instantly. 7-Day Trial: https://zenna.au | WhatsApp: +64 20 4115 3617","https://wa.me/642041153617"
"priority_top10_3_1790627330337","Response Plumbing 24/7","Auckland","NZ","Plumbing & Gas Fitting","https://responseplumbing.co.nz",",500 NZD","Priority 1 Outreach Ready","G'day Response Plumbing 24/7! Never lose another k+ job to missed calls while on the tools in Auckland. Zenna AI answers in <3s & texts back instantly. 7-Day Trial: https://zenna.au | WhatsApp: +64 20 4115 3617","https://wa.me/642041153617"
"priority_top10_2_1790627330337","North Shore Heat Pumps","Auckland","NZ","HVAC & Heat Pumps","office@northshoreheatpumps.co.nz",",200 NZD","Priority 1 Outreach Ready","G'day North Shore Heat Pumps! Never lose another k+ job to missed calls while on the tools in Auckland. Zenna AI answers in <3s & texts back instantly. 7-Day Trial: https://zenna.au | WhatsApp: +64 20 4115 3617","https://wa.me/642041153617"
"priority_top10_1_1790627330333","Varcoe Heat Pumps","Auckland","NZ","HVAC & Heat Pumps","https://www.varcoe.co.nz",",000 NZD","Priority 1 Outreach Ready","G'day Varcoe Heat Pumps! Never lose another k+ job to missed calls while on the tools in Auckland. Zenna AI answers in <3s & texts back instantly. 7-Day Trial: https://zenna.au | WhatsApp: +64 20 4115 3617","https://wa.me/642041153617"
"lead_11","Auckland Heat Pump Prospect","Auckland","NZ","HVAC & Heat Pumps","+6421123456","$150","Pending","G'day Auckland Heat Pump Prospect! Never lose another k+ job to missed calls while on the tools in Auckland. Zenna AI answers in <3s & texts back instantly. 7-Day Trial: https://zenna.au | WhatsApp: +64 20 4115 3617","https://wa.me/642041153617"
"lead_12","Sarah Jenkins","Auckland","NZ","Plumbing & Gas","+64215558912","$150","Qualified (Fee Accepted)","G'day Sarah Jenkins! Never lose another k+ job to missed calls while on the tools in Auckland. Zenna AI answers in <3s & texts back instantly. 7-Day Trial: https://zenna.au | WhatsApp: +64 20 4115 3617","https://wa.me/642041153617"
"lead_13","Fendalton Master Sparkies (Jonty)","Christchurch","NZ","Electrical & Solar","+6421006002","$199 NZD/mo","High Intent Target","G'day Fendalton Master Sparkies (Jonty)! Never lose another k+ job to missed calls while on the tools in Christchurch. Zenna AI answers in <3s & texts back instantly. 7-Day Trial: https://zenna.au | WhatsApp: +64 20 4115 3617","https://wa.me/642041153617"
"lead_14","Merivale Heritage Plumbing (Fergus)","Christchurch","NZ","Plumbing & Gas Fitting","+6421006001","$199 NZD/mo","High Intent Target","G'day Merivale Heritage Plumbing (Fergus)! Never lose another k+ job to missed calls while on the tools in Christchurch. Zenna AI answers in <3s & texts back instantly. 7-Day Trial: https://zenna.au | WhatsApp: +64 20 4115 3617","https://wa.me/642041153617"
"lead_15","Thorndon Certified Drainage Co (Lachlan)","Wellington","NZ","Drainlaying & Earthworks","+6421005002","$199 NZD/mo","High Intent Target","G'day Thorndon Certified Drainage Co (Lachlan)! Never lose another k+ job to missed calls while on the tools in Wellington. Zenna AI answers in <3s & texts back instantly. 7-Day Trial: https://zenna.au | WhatsApp: +64 20 4115 3617","https://wa.me/642041153617"
"lead_16","Te Aro Central Heating & Heat Pumps (Caleb)","Wellington","NZ","HVAC & Heat Pumps","+6421005001","$199 NZD/mo","High Intent Target","G'day Te Aro Central Heating & Heat Pumps (Caleb)! Never lose another k+ job to missed calls while on the tools in Wellington. Zenna AI answers in <3s & texts back instantly. 7-Day Trial: https://zenna.au | WhatsApp: +64 20 4115 3617","https://wa.me/642041153617"
"lead_17","Mount Eden Drainage & Earthworks (Niko)","Auckland","NZ","Drainlaying & Earthworks","+6421004004","$199 NZD/mo","High Intent Target","G'day Mount Eden Drainage & Earthworks (Niko)! Never lose another k+ job to missed calls while on the tools in Auckland. Zenna AI answers in <3s & texts back instantly. 7-Day Trial: https://zenna.au | WhatsApp: +64 20 4115 3617","https://wa.me/642041153617"
"lead_18","Remuera Architectural Roofing NZ (Angus)","Auckland","NZ","Roofing & Guttering","+6421004003","$199 NZD/mo","High Intent Target","G'day Remuera Architectural Roofing NZ (Angus)! Never lose another k+ job to missed calls while on the tools in Auckland. Zenna AI answers in <3s & texts back instantly. 7-Day Trial: https://zenna.au | WhatsApp: +64 20 4115 3617","https://wa.me/642041153617"
"lead_19","Takapuna Master Electricians NZ (Wiremu)","Auckland","NZ","Electrical & Solar","+6421004002","$199 NZD/mo","High Intent Target","G'day Takapuna Master Electricians NZ (Wiremu)! Never lose another k+ job to missed calls while on the tools in Auckland. Zenna AI answers in <3s & texts back instantly. 7-Day Trial: https://zenna.au | WhatsApp: +64 20 4115 3617","https://wa.me/642041153617"
"lead_20","Ponsonby Elite Plumbing & Gas (Hamish)","Auckland","NZ","Plumbing & Gas Fitting","+6421004001","$199 NZD/mo","High Intent Target","G'day Ponsonby Elite Plumbing & Gas (Hamish)! Never lose another k+ job to missed calls while on the tools in Auckland. Zenna AI answers in <3s & texts back instantly. 7-Day Trial: https://zenna.au | WhatsApp: +64 20 4115 3617","https://wa.me/642041153617"
"lead_21","Broadbeach HVAC & Coolrooms (Kane)","NZ Regional","NZ","HVAC & Heat Pumps","+61414003004","$199 AUD/mo","High Intent Target","G'day Broadbeach HVAC & Coolrooms (Kane)! Never lose another k+ job to missed calls while on the tools in NZ Regional. Zenna AI answers in <3s & texts back instantly. 7-Day Trial: https://zenna.au | WhatsApp: +64 20 4115 3617","https://wa.me/642041153617"
"lead_22","Burleigh Heads Roof Leak Specialists (Troy)","NZ Regional","NZ","Roofing & Guttering","+61414003003","$199 AUD/mo","High Intent Target","G'day Burleigh Heads Roof Leak Specialists (Troy)! Never lose another k+ job to missed calls while on the tools in NZ Regional. Zenna AI answers in <3s & texts back instantly. 7-Day Trial: https://zenna.au | WhatsApp: +64 20 4115 3617","https://wa.me/642041153617"
"lead_23","Fortitude Valley Solar & Electrical (Luke)","NZ Regional","NZ","Electrical & Solar","+61414003002","$199 AUD/mo","High Intent Target","G'day Fortitude Valley Solar & Electrical (Luke)! Never lose another k+ job to missed calls while on the tools in NZ Regional. Zenna AI answers in <3s & texts back instantly. 7-Day Trial: https://zenna.au | WhatsApp: +64 20 4115 3617","https://wa.me/642041153617"
"lead_24","New Farm Rapid Plumbing Solutions (Craig)","NZ Regional","NZ","Plumbing & Gas Fitting","+61414003001","$199 AUD/mo","High Intent Target","G'day New Farm Rapid Plumbing Solutions (Craig)! Never lose another k+ job to missed calls while on the tools in NZ Regional. Zenna AI answers in <3s & texts back instantly. 7-Day Trial: https://zenna.au | WhatsApp: +64 20 4115 3617","https://wa.me/642041153617"
"lead_25","Cronulla Coastal Drainage & Civil (Matty)","NZ Regional","NZ","Drainlaying & Earthworks","+61413002005","$199 AUD/mo","High Intent Target","G'day Cronulla Coastal Drainage & Civil (Matty)! Never lose another k+ job to missed calls while on the tools in NZ Regional. Zenna AI answers in <3s & texts back instantly. 7-Day Trial: https://zenna.au | WhatsApp: +64 20 4115 3617","https://wa.me/642041153617"
"lead_26","Parramatta Commercial HVAC & Chillers (Ahmed)","NZ Regional","NZ","HVAC & Heat Pumps","+61413002004","$199 AUD/mo","High Intent Target","G'day Parramatta Commercial HVAC & Chillers (Ahmed)! Never lose another k+ job to missed calls while on the tools in NZ Regional. Zenna AI answers in <3s & texts back instantly. 7-Day Trial: https://zenna.au | WhatsApp: +64 20 4115 3617","https://wa.me/642041153617"
"lead_27","Surry Hills Architectural Roofing (Jack)","NZ Regional","NZ","Roofing & Guttering","+61413002003","$199 AUD/mo","High Intent Target","G'day Surry Hills Architectural Roofing (Jack)! Never lose another k+ job to missed calls while on the tools in NZ Regional. Zenna AI answers in <3s & texts back instantly. 7-Day Trial: https://zenna.au | WhatsApp: +64 20 4115 3617","https://wa.me/642041153617"
"lead_28","Manly Level 2 Electrical Specialists (Toby)","NZ Regional","NZ","Electrical & Solar","+61413002002","$199 AUD/mo","High Intent Target","G'day Manly Level 2 Electrical Specialists (Toby)! Never lose another k+ job to missed calls while on the tools in NZ Regional. Zenna AI answers in <3s & texts back instantly. 7-Day Trial: https://zenna.au | WhatsApp: +64 20 4115 3617","https://wa.me/642041153617"
"lead_29","Bondi Precision Plumbing Co (Callum)","NZ Regional","NZ","Plumbing & Gas Fitting","+61413002001","$199 AUD/mo","High Intent Target","G'day Bondi Precision Plumbing Co (Callum)! Never lose another k+ job to missed calls while on the tools in NZ Regional. Zenna AI answers in <3s & texts back instantly. 7-Day Trial: https://zenna.au | WhatsApp: +64 20 4115 3617","https://wa.me/642041153617"
"lead_30","Hawthorn Drain Jetting & CCTV (Darren)","NZ Regional","NZ","Drainlaying & Earthworks","+61412001005","$199 AUD/mo","High Intent Target","G'day Hawthorn Drain Jetting & CCTV (Darren)! Never lose another k+ job to missed calls while on the tools in NZ Regional. Zenna AI answers in <3s & texts back instantly. 7-Day Trial: https://zenna.au | WhatsApp: +64 20 4115 3617","https://wa.me/642041153617"
"lead_31","South Yarra AirCon & Climate Co (Liam)","NZ Regional","NZ","HVAC & Heat Pumps","+61412001004","$199 AUD/mo","High Intent Target","G'day South Yarra AirCon & Climate Co (Liam)! Never lose another k+ job to missed calls while on the tools in NZ Regional. Zenna AI answers in <3s & texts back instantly. 7-Day Trial: https://zenna.au | WhatsApp: +64 20 4115 3617","https://wa.me/642041153617"
"lead_32","Brighton Roof & Gutter Restorations (Shane)","NZ Regional","NZ","Roofing & Guttering","+61412001003","$199 AUD/mo","High Intent Target","G'day Brighton Roof & Gutter Restorations (Shane)! Never lose another k+ job to missed calls while on the tools in NZ Regional. Zenna AI answers in <3s & texts back instantly. 7-Day Trial: https://zenna.au | WhatsApp: +64 20 4115 3617","https://wa.me/642041153617"
"lead_33","Fitzroy Master Sparkies (Brendan)","NZ Regional","NZ","Electrical & Solar","+61412001002","$199 AUD/mo","High Intent Target","G'day Fitzroy Master Sparkies (Brendan)! Never lose another k+ job to missed calls while on the tools in NZ Regional. Zenna AI answers in <3s & texts back instantly. 7-Day Trial: https://zenna.au | WhatsApp: +64 20 4115 3617","https://wa.me/642041153617"
"lead_34","Richmond 24/7 Plumbing & Gas (Mick)","NZ Regional","NZ","Plumbing & Gas Fitting","+61412001001","$199 AUD/mo","High Intent Target","G'day Richmond 24/7 Plumbing & Gas (Mick)! Never lose another k+ job to missed calls while on the tools in NZ Regional. Zenna AI answers in <3s & texts back instantly. 7-Day Trial: https://zenna.au | WhatsApp: +64 20 4115 3617","https://wa.me/642041153617"
"lead_35","Melbourne Plumbing Specialists #20","NZ Regional","NZ","Plumbing & Gas Fitting","+6141102000","$199 AUD/mo","Scale Target Prospect","G'day Melbourne Plumbing Specialists #20! Never lose another k+ job to missed calls while on the tools in NZ Regional. Zenna AI answers in <3s & texts back instantly. 7-Day Trial: https://zenna.au | WhatsApp: +64 20 4115 3617","https://wa.me/642041153617"
"lead_36","Sydney Drainlaying Specialists #19","NZ Regional","NZ","Drainlaying & Earthworks","+6141101900","$199 AUD/mo","Scale Target Prospect","G'day Sydney Drainlaying Specialists #19! Never lose another k+ job to missed calls while on the tools in NZ Regional. Zenna AI answers in <3s & texts back instantly. 7-Day Trial: https://zenna.au | WhatsApp: +64 20 4115 3617","https://wa.me/642041153617"
"lead_37","Auckland Roofing & Guttering Specialists #18","Auckland","NZ","Roofing & Guttering","+6421001800","$199 NZD/mo","Scale Target Prospect","G'day Auckland Roofing & Guttering Specialists #18! Never lose another k+ job to missed calls while on the tools in Auckland. Zenna AI answers in <3s & texts back instantly. 7-Day Trial: https://zenna.au | WhatsApp: +64 20 4115 3617","https://wa.me/642041153617"
"lead_38","Christchurch HVAC & AirCon Specialists #17","Christchurch","NZ","HVAC & Heat Pumps","+6421001700","$199 NZD/mo","Scale Target Prospect","G'day Christchurch HVAC & AirCon Specialists #17! Never lose another k+ job to missed calls while on the tools in Christchurch. Zenna AI answers in <3s & texts back instantly. 7-Day Trial: https://zenna.au | WhatsApp: +64 20 4115 3617","https://wa.me/642041153617"
"lead_39","Brisbane Electrical Services Specialists #16","NZ Regional","NZ","Electrical & Solar","+6141101600","$199 AUD/mo","Scale Target Prospect","G'day Brisbane Electrical Services Specialists #16! Never lose another k+ job to missed calls while on the tools in NZ Regional. Zenna AI answers in <3s & texts back instantly. 7-Day Trial: https://zenna.au | WhatsApp: +64 20 4115 3617","https://wa.me/642041153617"
"lead_40","Wellington Plumbing Specialists #15","Wellington","NZ","Plumbing & Gas Fitting","+6421001500","$199 NZD/mo","Scale Target Prospect","G'day Wellington Plumbing Specialists #15! Never lose another k+ job to missed calls while on the tools in Wellington. Zenna AI answers in <3s & texts back instantly. 7-Day Trial: https://zenna.au | WhatsApp: +64 20 4115 3617","https://wa.me/642041153617"
"lead_41","Melbourne Drainlaying Specialists #14","NZ Regional","NZ","Drainlaying & Earthworks","+6141101400","$199 AUD/mo","Scale Target Prospect","G'day Melbourne Drainlaying Specialists #14! Never lose another k+ job to missed calls while on the tools in NZ Regional. Zenna AI answers in <3s & texts back instantly. 7-Day Trial: https://zenna.au | WhatsApp: +64 20 4115 3617","https://wa.me/642041153617"
"lead_42","Sydney Roofing & Guttering Specialists #13","NZ Regional","NZ","Roofing & Guttering","+6141101300","$199 AUD/mo","Scale Target Prospect","G'day Sydney Roofing & Guttering Specialists #13! Never lose another k+ job to missed calls while on the tools in NZ Regional. Zenna AI answers in <3s & texts back instantly. 7-Day Trial: https://zenna.au | WhatsApp: +64 20 4115 3617","https://wa.me/642041153617"
"lead_43","Auckland HVAC & AirCon Specialists #12","Auckland","NZ","HVAC & Heat Pumps","+6421001200","$199 NZD/mo","Scale Target Prospect","G'day Auckland HVAC & AirCon Specialists #12! Never lose another k+ job to missed calls while on the tools in Auckland. Zenna AI answers in <3s & texts back instantly. 7-Day Trial: https://zenna.au | WhatsApp: +64 20 4115 3617","https://wa.me/642041153617"
"lead_44","Christchurch Electrical Services Specialists #11","Christchurch","NZ","Electrical & Solar","+6421001100","$199 NZD/mo","Scale Target Prospect","G'day Christchurch Electrical Services Specialists #11! Never lose another k+ job to missed calls while on the tools in Christchurch. Zenna AI answers in <3s & texts back instantly. 7-Day Trial: https://zenna.au | WhatsApp: +64 20 4115 3617","https://wa.me/642041153617"
"lead_45","Brisbane Plumbing Specialists #10","NZ Regional","NZ","Plumbing & Gas Fitting","+6141101000","$199 AUD/mo","Scale Target Prospect","G'day Brisbane Plumbing Specialists #10! Never lose another k+ job to missed calls while on the tools in NZ Regional. Zenna AI answers in <3s & texts back instantly. 7-Day Trial: https://zenna.au | WhatsApp: +64 20 4115 3617","https://wa.me/642041153617"
"lead_46","Wellington Drainlaying Specialists #9","Wellington","NZ","Drainlaying & Earthworks","+642100900","$199 NZD/mo","Scale Target Prospect","G'day Wellington Drainlaying Specialists #9! Never lose another k+ job to missed calls while on the tools in Wellington. Zenna AI answers in <3s & texts back instantly. 7-Day Trial: https://zenna.au | WhatsApp: +64 20 4115 3617","https://wa.me/642041153617"
"lead_47","Melbourne Roofing & Guttering Specialists #8","NZ Regional","NZ","Roofing & Guttering","+614110800","$199 AUD/mo","Scale Target Prospect","G'day Melbourne Roofing & Guttering Specialists #8! Never lose another k+ job to missed calls while on the tools in NZ Regional. Zenna AI answers in <3s & texts back instantly. 7-Day Trial: https://zenna.au | WhatsApp: +64 20 4115 3617","https://wa.me/642041153617"
"lead_48","Sydney HVAC & AirCon Specialists #7","NZ Regional","NZ","HVAC & Heat Pumps","+614110700","$199 AUD/mo","Scale Target Prospect","G'day Sydney HVAC & AirCon Specialists #7! Never lose another k+ job to missed calls while on the tools in NZ Regional. Zenna AI answers in <3s & texts back instantly. 7-Day Trial: https://zenna.au | WhatsApp: +64 20 4115 3617","https://wa.me/642041153617"
"lead_49","Auckland Electrical Services Specialists #6","Auckland","NZ","Electrical & Solar","+642100600","$199 NZD/mo","Scale Target Prospect","G'day Auckland Electrical Services Specialists #6! Never lose another k+ job to missed calls while on the tools in Auckland. Zenna AI answers in <3s & texts back instantly. 7-Day Trial: https://zenna.au | WhatsApp: +64 20 4115 3617","https://wa.me/642041153617"
"lead_50","Christchurch Plumbing Specialists #5","Christchurch","NZ","Plumbing & Gas Fitting","+642100500","$199 NZD/mo","Scale Target Prospect","G'day Christchurch Plumbing Specialists #5! Never lose another k+ job to missed calls while on the tools in Christchurch. Zenna AI answers in <3s & texts back instantly. 7-Day Trial: https://zenna.au | WhatsApp: +64 20 4115 3617","https://wa.me/642041153617"
"lead_51","Brisbane Drainlaying Specialists #4","NZ Regional","NZ","Drainlaying & Earthworks","+614110400","$199 AUD/mo","Scale Target Prospect","G'day Brisbane Drainlaying Specialists #4! Never lose another k+ job to missed calls while on the tools in NZ Regional. Zenna AI answers in <3s & texts back instantly. 7-Day Trial: https://zenna.au | WhatsApp: +64 20 4115 3617","https://wa.me/642041153617"
"lead_52","Wellington Roofing & Guttering Specialists #3","Wellington","NZ","Roofing & Guttering","+642100300","$199 NZD/mo","Scale Target Prospect","G'day Wellington Roofing & Guttering Specialists #3! Never lose another k+ job to missed calls while on the tools in Wellington. Zenna AI answers in <3s & texts back instantly. 7-Day Trial: https://zenna.au | WhatsApp: +64 20 4115 3617","https://wa.me/642041153617"
"lead_53","Melbourne HVAC & AirCon Specialists #2","NZ Regional","NZ","HVAC & Heat Pumps","+614110200","$199 AUD/mo","Scale Target Prospect","G'day Melbourne HVAC & AirCon Specialists #2! Never lose another k+ job to missed calls while on the tools in NZ Regional. Zenna AI answers in <3s & texts back instantly. 7-Day Trial: https://zenna.au | WhatsApp: +64 20 4115 3617","https://wa.me/642041153617"
"lead_54","Sydney Electrical Services Specialists #1","NZ Regional","NZ","Electrical & Solar","+614110100","$199 AUD/mo","Scale Target Prospect","G'day Sydney Electrical Services Specialists #1! Never lose another k+ job to missed calls while on the tools in NZ Regional. Zenna AI answers in <3s & texts back instantly. 7-Day Trial: https://zenna.au | WhatsApp: +64 20 4115 3617","https://wa.me/642041153617"
"lead_55","Brisbane Roofing Specialists","NZ Regional","NZ","Roofing & Guttering","+61411000555","$199/mo","Prospect Contacted","G'day Brisbane Roofing Specialists! Never lose another k+ job to missed calls while on the tools in NZ Regional. Zenna AI answers in <3s & texts back instantly. 7-Day Trial: https://zenna.au | WhatsApp: +64 20 4115 3617","https://wa.me/642041153617"
"lead_56","Melbourne Pro HVAC","NZ Regional","NZ","HVAC & Heat Pumps","+61411000444","$199/mo","Prospect Contacted","G'day Melbourne Pro HVAC! Never lose another k+ job to missed calls while on the tools in NZ Regional. Zenna AI answers in <3s & texts back instantly. 7-Day Trial: https://zenna.au | WhatsApp: +64 20 4115 3617","https://wa.me/642041153617"
"lead_57","Sydney Metro Drain Services","NZ Regional","NZ","Drainlaying & Earthworks","+61411000333","$199/mo","Prospect Contacted","G'day Sydney Metro Drain Services! Never lose another k+ job to missed calls while on the tools in NZ Regional. Zenna AI answers in <3s & texts back instantly. 7-Day Trial: https://zenna.au | WhatsApp: +64 20 4115 3617","https://wa.me/642041153617"
"lead_58","Wellington Electrical Co","Wellington","NZ","Electrical & Solar","+6421000222","$199/mo","Prospect Contacted","G'day Wellington Electrical Co! Never lose another k+ job to missed calls while on the tools in Wellington. Zenna AI answers in <3s & texts back instantly. 7-Day Trial: https://zenna.au | WhatsApp: +64 20 4115 3617","https://wa.me/642041153617"
"lead_59","Auckland Premium Plumbing","Auckland","NZ","Plumbing & Gas Fitting","+6421000111","$199/mo","Prospect Contacted","G'day Auckland Premium Plumbing! Never lose another k+ job to missed calls while on the tools in Auckland. Zenna AI answers in <3s & texts back instantly. 7-Day Trial: https://zenna.au | WhatsApp: +64 20 4115 3617","https://wa.me/642041153617"
"lead_60","SMS Lead","NZ Regional","NZ","Drainlaying & Earthworks"," 64204406281","$0","Contacted","G'day SMS Lead! Never lose another k+ job to missed calls while on the tools in NZ Regional. Zenna AI answers in <3s & texts back instantly. 7-Day Trial: https://zenna.au | WhatsApp: +64 20 4115 3617","https://wa.me/642041153617"
"lead_61","Potential Lead","NZ Regional","NZ","Plumbing & Gas","+6421999888","$0","New","G'day Potential Lead! Never lose another k+ job to missed calls while on the tools in NZ Regional. Zenna AI answers in <3s & texts back instantly. 7-Day Trial: https://zenna.au | WhatsApp: +64 20 4115 3617","https://wa.me/642041153617"
"lead_62","SMS Lead","NZ Regional","NZ","Drainlaying & Earthworks","+61499111222","$0","Contacted","G'day SMS Lead! Never lose another k+ job to missed calls while on the tools in NZ Regional. Zenna AI answers in <3s & texts back instantly. 7-Day Trial: https://zenna.au | WhatsApp: +64 20 4115 3617","https://wa.me/642041153617"
"lead_63","Potential Lead","NZ Regional","NZ","Plumbing & Gas","+61419999888","$0","New","G'day Potential Lead! Never lose another k+ job to missed calls while on the tools in NZ Regional. Zenna AI answers in <3s & texts back instantly. 7-Day Trial: https://zenna.au | WhatsApp: +64 20 4115 3617","https://wa.me/642041153617"
"lead_64","Mike Torrence","NZ Regional","NZ","Plumbing & Gas","+61412891044","$12,500","New","G'day Mike Torrence! Never lose another k+ job to missed calls while on the tools in NZ Regional. Zenna AI answers in <3s & texts back instantly. 7-Day Trial: https://zenna.au | WhatsApp: +64 20 4115 3617","https://wa.me/642041153617"
"lead_65","Sandra Wu","NZ Regional","NZ","Plumbing & Gas","+61423044112","$1,800","Scheduled","G'day Sandra Wu! Never lose another k+ job to missed calls while on the tools in NZ Regional. Zenna AI answers in <3s & texts back instantly. 7-Day Trial: https://zenna.au | WhatsApp: +64 20 4115 3617","https://wa.me/642041153617"
"lead_66","Daniel Nguyen","NZ Regional","NZ","Plumbing & Gas","+61401553221","$8,000","Won","G'day Daniel Nguyen! Never lose another k+ job to missed calls while on the tools in NZ Regional. Zenna AI answers in <3s & texts back instantly. 7-Day Trial: https://zenna.au | WhatsApp: +64 20 4115 3617","https://wa.me/642041153617"
"target_100_1_1790625268800","Auckland Heat Pump & HVAC Pro #1","Auckland","NZ","HVAC & Heat Pumps","+64 21 100002",",800","Ready for Demo Dispatch","G'day Auckland Heat Pump & HVAC Pro #1! Never lose another k+ job to missed calls while on the tools in Auckland. Zenna AI answers in <3s & texts back instantly. 7-Day Trial: https://zenna.au | WhatsApp: +64 20 4115 3617","https://wa.me/642041153617"
"target_100_2_1790625268803","Auckland Emergency Plumbing & Gas Pro #2","Auckland","NZ","Plumbing & Gas Fitting","+64 21 100003",",200","Ready for Demo Dispatch","G'day Auckland Emergency Plumbing & Gas Pro #2! Never lose another k+ job to missed calls while on the tools in Auckland. Zenna AI answers in <3s & texts back instantly. 7-Day Trial: https://zenna.au | WhatsApp: +64 20 4115 3617","https://wa.me/642041153617"
"target_100_3_1790625268803","Auckland Solar & Electrical Pro #3","Auckland","NZ","Electrical & Solar","+64 21 100004",",500","Ready for Demo Dispatch","G'day Auckland Solar & Electrical Pro #3! Never lose another k+ job to missed calls while on the tools in Auckland. Zenna AI answers in <3s & texts back instantly. 7-Day Trial: https://zenna.au | WhatsApp: +64 20 4115 3617","https://wa.me/642041153617"
"target_100_4_1790625268803","Auckland Roofing & Guttering Pro #4","Auckland","NZ","Roofing & Guttering","+64 21 100005","4,000","Ready for Demo Dispatch","G'day Auckland Roofing & Guttering Pro #4! Never lose another k+ job to missed calls while on the tools in Auckland. Zenna AI answers in <3s & texts back instantly. 7-Day Trial: https://zenna.au | WhatsApp: +64 20 4115 3617","https://wa.me/642041153617"
"target_100_5_1790625268803","Auckland Drainlaying & Relining Pro #5","Auckland","NZ","Drainlaying & Earthworks","+64 21 100006",",500","Ready for Demo Dispatch","G'day Auckland Drainlaying & Relining Pro #5! Never lose another k+ job to missed calls while on the tools in Auckland. Zenna AI answers in <3s & texts back instantly. 7-Day Trial: https://zenna.au | WhatsApp: +64 20 4115 3617","https://wa.me/642041153617"
"target_100_6_1790625268803","Auckland Heat Pump & HVAC Pro #6","Auckland","NZ","HVAC & Heat Pumps","+64 21 100007",",800","Ready for Demo Dispatch","G'day Auckland Heat Pump & HVAC Pro #6! Never lose another k+ job to missed calls while on the tools in Auckland. Zenna AI answers in <3s & texts back instantly. 7-Day Trial: https://zenna.au | WhatsApp: +64 20 4115 3617","https://wa.me/642041153617"
"target_100_7_1790625268803","Auckland Emergency Plumbing & Gas Pro #7","Auckland","NZ","Plumbing & Gas Fitting","+64 21 100008",",200","Ready for Demo Dispatch","G'day Auckland Emergency Plumbing & Gas Pro #7! Never lose another k+ job to missed calls while on the tools in Auckland. Zenna AI answers in <3s & texts back instantly. 7-Day Trial: https://zenna.au | WhatsApp: +64 20 4115 3617","https://wa.me/642041153617"
"target_100_8_1790625268803","Auckland Solar & Electrical Pro #8","Auckland","NZ","Electrical & Solar","+64 21 100009",",500","Ready for Demo Dispatch","G'day Auckland Solar & Electrical Pro #8! Never lose another k+ job to missed calls while on the tools in Auckland. Zenna AI answers in <3s & texts back instantly. 7-Day Trial: https://zenna.au | WhatsApp: +64 20 4115 3617","https://wa.me/642041153617"
"target_100_9_1790625268803","Auckland Roofing & Guttering Pro #9","Auckland","NZ","Roofing & Guttering","+64 21 100010","4,000","Ready for Demo Dispatch","G'day Auckland Roofing & Guttering Pro #9! Never lose another k+ job to missed calls while on the tools in Auckland. Zenna AI answers in <3s & texts back instantly. 7-Day Trial: https://zenna.au | WhatsApp: +64 20 4115 3617","https://wa.me/642041153617"
"target_100_10_1790625268803","Auckland Drainlaying & Relining Pro #10","Auckland","NZ","Drainlaying & Earthworks","+64 21 100011",",500","Ready for Demo Dispatch","G'day Auckland Drainlaying & Relining Pro #10! Never lose another k+ job to missed calls while on the tools in Auckland. Zenna AI answers in <3s & texts back instantly. 7-Day Trial: https://zenna.au | WhatsApp: +64 20 4115 3617","https://wa.me/642041153617"
"target_100_11_1790625268803","Auckland Heat Pump & HVAC Pro #11","Auckland","NZ","HVAC & Heat Pumps","+64 21 100012",",800","Ready for Demo Dispatch","G'day Auckland Heat Pump & HVAC Pro #11! Never lose another k+ job to missed calls while on the tools in Auckland. Zenna AI answers in <3s & texts back instantly. 7-Day Trial: https://zenna.au | WhatsApp: +64 20 4115 3617","https://wa.me/642041153617"
"target_100_12_1790625268803","Auckland Emergency Plumbing & Gas Pro #12","Auckland","NZ","Plumbing & Gas Fitting","+64 21 100013",",200","Ready for Demo Dispatch","G'day Auckland Emergency Plumbing & Gas Pro #12! Never lose another k+ job to missed calls while on the tools in Auckland. Zenna AI answers in <3s & texts back instantly. 7-Day Trial: https://zenna.au | WhatsApp: +64 20 4115 3617","https://wa.me/642041153617"
"target_100_13_1790625268803","Auckland Solar & Electrical Pro #13","Auckland","NZ","Electrical & Solar","+64 21 100014",",500","Ready for Demo Dispatch","G'day Auckland Solar & Electrical Pro #13! Never lose another k+ job to missed calls while on the tools in Auckland. Zenna AI answers in <3s & texts back instantly. 7-Day Trial: https://zenna.au | WhatsApp: +64 20 4115 3617","https://wa.me/642041153617"
"target_100_14_1790625268803","Auckland Roofing & Guttering Pro #14","Auckland","NZ","Roofing & Guttering","+64 21 100015","4,000","Ready for Demo Dispatch","G'day Auckland Roofing & Guttering Pro #14! Never lose another k+ job to missed calls while on the tools in Auckland. Zenna AI answers in <3s & texts back instantly. 7-Day Trial: https://zenna.au | WhatsApp: +64 20 4115 3617","https://wa.me/642041153617"
"target_100_15_1790625268803","Auckland Drainlaying & Relining Pro #15","Auckland","NZ","Drainlaying & Earthworks","+64 21 100016",",500","Ready for Demo Dispatch","G'day Auckland Drainlaying & Relining Pro #15! Never lose another k+ job to missed calls while on the tools in Auckland. Zenna AI answers in <3s & texts back instantly. 7-Day Trial: https://zenna.au | WhatsApp: +64 20 4115 3617","https://wa.me/642041153617"
"target_100_16_1790625268803","Auckland Heat Pump & HVAC Pro #16","Auckland","NZ","HVAC & Heat Pumps","+64 21 100017",",800","Ready for Demo Dispatch","G'day Auckland Heat Pump & HVAC Pro #16! Never lose another k+ job to missed calls while on the tools in Auckland. Zenna AI answers in <3s & texts back instantly. 7-Day Trial: https://zenna.au | WhatsApp: +64 20 4115 3617","https://wa.me/642041153617"
"target_100_17_1790625268803","Auckland Emergency Plumbing & Gas Pro #17","Auckland","NZ","Plumbing & Gas Fitting","+64 21 100018",",200","Ready for Demo Dispatch","G'day Auckland Emergency Plumbing & Gas Pro #17! Never lose another k+ job to missed calls while on the tools in Auckland. Zenna AI answers in <3s & texts back instantly. 7-Day Trial: https://zenna.au | WhatsApp: +64 20 4115 3617","https://wa.me/642041153617"
"target_100_18_1790625268803","Auckland Solar & Electrical Pro #18","Auckland","NZ","Electrical & Solar","+64 21 100019",",500","Ready for Demo Dispatch","G'day Auckland Solar & Electrical Pro #18! Never lose another k+ job to missed calls while on the tools in Auckland. Zenna AI answers in <3s & texts back instantly. 7-Day Trial: https://zenna.au | WhatsApp: +64 20 4115 3617","https://wa.me/642041153617"
"target_100_19_1790625268803","Auckland Roofing & Guttering Pro #19","Auckland","NZ","Roofing & Guttering","+64 21 100020","4,000","Ready for Demo Dispatch","G'day Auckland Roofing & Guttering Pro #19! Never lose another k+ job to missed calls while on the tools in Auckland. Zenna AI answers in <3s & texts back instantly. 7-Day Trial: https://zenna.au | WhatsApp: +64 20 4115 3617","https://wa.me/642041153617"
"target_100_20_1790625268803","Auckland Drainlaying & Relining Pro #20","Auckland","NZ","Drainlaying & Earthworks","+64 21 100021",",500","Ready for Demo Dispatch","G'day Auckland Drainlaying & Relining Pro #20! Never lose another k+ job to missed calls while on the tools in Auckland. Zenna AI answers in <3s & texts back instantly. 7-Day Trial: https://zenna.au | WhatsApp: +64 20 4115 3617","https://wa.me/642041153617"
"target_100_21_1790625268803","Auckland Heat Pump & HVAC Pro #21","Auckland","NZ","HVAC & Heat Pumps","+64 21 100022",",800","Ready for Demo Dispatch","G'day Auckland Heat Pump & HVAC Pro #21! Never lose another k+ job to missed calls while on the tools in Auckland. Zenna AI answers in <3s & texts back instantly. 7-Day Trial: https://zenna.au | WhatsApp: +64 20 4115 3617","https://wa.me/642041153617"
"target_100_22_1790625268803","Auckland Emergency Plumbing & Gas Pro #22","Auckland","NZ","Plumbing & Gas Fitting","+64 21 100023",",200","Ready for Demo Dispatch","G'day Auckland Emergency Plumbing & Gas Pro #22! Never lose another k+ job to missed calls while on the tools in Auckland. Zenna AI answers in <3s & texts back instantly. 7-Day Trial: https://zenna.au | WhatsApp: +64 20 4115 3617","https://wa.me/642041153617"
"target_100_23_1790625268803","Auckland Solar & Electrical Pro #23","Auckland","NZ","Electrical & Solar","+64 21 100024",",500","Ready for Demo Dispatch","G'day Auckland Solar & Electrical Pro #23! Never lose another k+ job to missed calls while on the tools in Auckland. Zenna AI answers in <3s & texts back instantly. 7-Day Trial: https://zenna.au | WhatsApp: +64 20 4115 3617","https://wa.me/642041153617"
"target_100_24_1790625268803","Auckland Roofing & Guttering Pro #24","Auckland","NZ","Roofing & Guttering","+64 21 100025","4,000","Ready for Demo Dispatch","G'day Auckland Roofing & Guttering Pro #24! Never lose another k+ job to missed calls while on the tools in Auckland. Zenna AI answers in <3s & texts back instantly. 7-Day Trial: https://zenna.au | WhatsApp: +64 20 4115 3617","https://wa.me/642041153617"
"target_100_25_1790625268803","Auckland Drainlaying & Relining Pro #25","Auckland","NZ","Drainlaying & Earthworks","+64 21 100026",",500","Ready for Demo Dispatch","G'day Auckland Drainlaying & Relining Pro #25! Never lose another k+ job to missed calls while on the tools in Auckland. Zenna AI answers in <3s & texts back instantly. 7-Day Trial: https://zenna.au | WhatsApp: +64 20 4115 3617","https://wa.me/642041153617"
"target_100_26_1790625268803","Auckland Heat Pump & HVAC Pro #26","Auckland","NZ","HVAC & Heat Pumps","+64 21 100027",",800","Ready for Demo Dispatch","G'day Auckland Heat Pump & HVAC Pro #26! Never lose another k+ job to missed calls while on the tools in Auckland. Zenna AI answers in <3s & texts back instantly. 7-Day Trial: https://zenna.au | WhatsApp: +64 20 4115 3617","https://wa.me/642041153617"
"target_100_27_1790625268803","Auckland Emergency Plumbing & Gas Pro #27","Auckland","NZ","Plumbing & Gas Fitting","+64 21 100028",",200","Ready for Demo Dispatch","G'day Auckland Emergency Plumbing & Gas Pro #27! Never lose another k+ job to missed calls while on the tools in Auckland. Zenna AI answers in <3s & texts back instantly. 7-Day Trial: https://zenna.au | WhatsApp: +64 20 4115 3617","https://wa.me/642041153617"
"target_100_28_1790625268803","Auckland Solar & Electrical Pro #28","Auckland","NZ","Electrical & Solar","+64 21 100029",",500","Ready for Demo Dispatch","G'day Auckland Solar & Electrical Pro #28! Never lose another k+ job to missed calls while on the tools in Auckland. Zenna AI answers in <3s & texts back instantly. 7-Day Trial: https://zenna.au | WhatsApp: +64 20 4115 3617","https://wa.me/642041153617"
"target_100_29_1790625268803","Auckland Roofing & Guttering Pro #29","Auckland","NZ","Roofing & Guttering","+64 21 100030","4,000","Ready for Demo Dispatch","G'day Auckland Roofing & Guttering Pro #29! Never lose another k+ job to missed calls while on the tools in Auckland. Zenna AI answers in <3s & texts back instantly. 7-Day Trial: https://zenna.au | WhatsApp: +64 20 4115 3617","https://wa.me/642041153617"
"target_100_30_1790625268803","Auckland Drainlaying & Relining Pro #30","Auckland","NZ","Drainlaying & Earthworks","+64 21 100031",",500","Ready for Demo Dispatch","G'day Auckland Drainlaying & Relining Pro #30! Never lose another k+ job to missed calls while on the tools in Auckland. Zenna AI answers in <3s & texts back instantly. 7-Day Trial: https://zenna.au | WhatsApp: +64 20 4115 3617","https://wa.me/642041153617"
"target_100_31_1790625268803","Christchurch Heat Pump & HVAC Pro #1","Christchurch","NZ","HVAC & Heat Pumps","+64 21 100032",",800","Ready for Demo Dispatch","G'day Christchurch Heat Pump & HVAC Pro #1! Never lose another k+ job to missed calls while on the tools in Christchurch. Zenna AI answers in <3s & texts back instantly. 7-Day Trial: https://zenna.au | WhatsApp: +64 20 4115 3617","https://wa.me/642041153617"
"target_100_32_1790625268803","Christchurch Emergency Plumbing & Gas Pro #2","Christchurch","NZ","Plumbing & Gas Fitting","+64 21 100033",",200","Ready for Demo Dispatch","G'day Christchurch Emergency Plumbing & Gas Pro #2! Never lose another k+ job to missed calls while on the tools in Christchurch. Zenna AI answers in <3s & texts back instantly. 7-Day Trial: https://zenna.au | WhatsApp: +64 20 4115 3617","https://wa.me/642041153617"
"target_100_33_1790625268803","Christchurch Solar & Electrical Pro #3","Christchurch","NZ","Electrical & Solar","+64 21 100034",",500","Ready for Demo Dispatch","G'day Christchurch Solar & Electrical Pro #3! Never lose another k+ job to missed calls while on the tools in Christchurch. Zenna AI answers in <3s & texts back instantly. 7-Day Trial: https://zenna.au | WhatsApp: +64 20 4115 3617","https://wa.me/642041153617"
"target_100_34_1790625268803","Christchurch Roofing & Guttering Pro #4","Christchurch","NZ","Roofing & Guttering","+64 21 100035","4,000","Ready for Demo Dispatch","G'day Christchurch Roofing & Guttering Pro #4! Never lose another k+ job to missed calls while on the tools in Christchurch. Zenna AI answers in <3s & texts back instantly. 7-Day Trial: https://zenna.au | WhatsApp: +64 20 4115 3617","https://wa.me/642041153617"
"target_100_35_1790625268803","Christchurch Drainlaying & Relining Pro #5","Christchurch","NZ","Drainlaying & Earthworks","+64 21 100036",",500","Ready for Demo Dispatch","G'day Christchurch Drainlaying & Relining Pro #5! Never lose another k+ job to missed calls while on the tools in Christchurch. Zenna AI answers in <3s & texts back instantly. 7-Day Trial: https://zenna.au | WhatsApp: +64 20 4115 3617","https://wa.me/642041153617"
"target_100_36_1790625268803","Christchurch Heat Pump & HVAC Pro #6","Christchurch","NZ","HVAC & Heat Pumps","+64 21 100037",",800","Ready for Demo Dispatch","G'day Christchurch Heat Pump & HVAC Pro #6! Never lose another k+ job to missed calls while on the tools in Christchurch. Zenna AI answers in <3s & texts back instantly. 7-Day Trial: https://zenna.au | WhatsApp: +64 20 4115 3617","https://wa.me/642041153617"
"target_100_37_1790625268803","Christchurch Emergency Plumbing & Gas Pro #7","Christchurch","NZ","Plumbing & Gas Fitting","+64 21 100038",",200","Ready for Demo Dispatch","G'day Christchurch Emergency Plumbing & Gas Pro #7! Never lose another k+ job to missed calls while on the tools in Christchurch. Zenna AI answers in <3s & texts back instantly. 7-Day Trial: https://zenna.au | WhatsApp: +64 20 4115 3617","https://wa.me/642041153617"
"target_100_38_1790625268803","Christchurch Solar & Electrical Pro #8","Christchurch","NZ","Electrical & Solar","+64 21 100039",",500","Ready for Demo Dispatch","G'day Christchurch Solar & Electrical Pro #8! Never lose another k+ job to missed calls while on the tools in Christchurch. Zenna AI answers in <3s & texts back instantly. 7-Day Trial: https://zenna.au | WhatsApp: +64 20 4115 3617","https://wa.me/642041153617"
"target_100_39_1790625268803","Christchurch Roofing & Guttering Pro #9","Christchurch","NZ","Roofing & Guttering","+64 21 100040","4,000","Ready for Demo Dispatch","G'day Christchurch Roofing & Guttering Pro #9! Never lose another k+ job to missed calls while on the tools in Christchurch. Zenna AI answers in <3s & texts back instantly. 7-Day Trial: https://zenna.au | WhatsApp: +64 20 4115 3617","https://wa.me/642041153617"
"target_100_40_1790625268803","Christchurch Drainlaying & Relining Pro #10","Christchurch","NZ","Drainlaying & Earthworks","+64 21 100041",",500","Ready for Demo Dispatch","G'day Christchurch Drainlaying & Relining Pro #10! Never lose another k+ job to missed calls while on the tools in Christchurch. Zenna AI answers in <3s & texts back instantly. 7-Day Trial: https://zenna.au | WhatsApp: +64 20 4115 3617","https://wa.me/642041153617"
"target_100_41_1790625268804","Christchurch Heat Pump & HVAC Pro #11","Christchurch","NZ","HVAC & Heat Pumps","+64 21 100042",",800","Ready for Demo Dispatch","G'day Christchurch Heat Pump & HVAC Pro #11! Never lose another k+ job to missed calls while on the tools in Christchurch. Zenna AI answers in <3s & texts back instantly. 7-Day Trial: https://zenna.au | WhatsApp: +64 20 4115 3617","https://wa.me/642041153617"
"target_100_42_1790625268804","Christchurch Emergency Plumbing & Gas Pro #12","Christchurch","NZ","Plumbing & Gas Fitting","+64 21 100043",",200","Ready for Demo Dispatch","G'day Christchurch Emergency Plumbing & Gas Pro #12! Never lose another k+ job to missed calls while on the tools in Christchurch. Zenna AI answers in <3s & texts back instantly. 7-Day Trial: https://zenna.au | WhatsApp: +64 20 4115 3617","https://wa.me/642041153617"
"target_100_43_1790625268804","Christchurch Solar & Electrical Pro #13","Christchurch","NZ","Electrical & Solar","+64 21 100044",",500","Ready for Demo Dispatch","G'day Christchurch Solar & Electrical Pro #13! Never lose another k+ job to missed calls while on the tools in Christchurch. Zenna AI answers in <3s & texts back instantly. 7-Day Trial: https://zenna.au | WhatsApp: +64 20 4115 3617","https://wa.me/642041153617"
"target_100_44_1790625268804","Christchurch Roofing & Guttering Pro #14","Christchurch","NZ","Roofing & Guttering","+64 21 100045","4,000","Ready for Demo Dispatch","G'day Christchurch Roofing & Guttering Pro #14! Never lose another k+ job to missed calls while on the tools in Christchurch. Zenna AI answers in <3s & texts back instantly. 7-Day Trial: https://zenna.au | WhatsApp: +64 20 4115 3617","https://wa.me/642041153617"
"target_100_45_1790625268804","Christchurch Drainlaying & Relining Pro #15","Christchurch","NZ","Drainlaying & Earthworks","+64 21 100046",",500","Ready for Demo Dispatch","G'day Christchurch Drainlaying & Relining Pro #15! Never lose another k+ job to missed calls while on the tools in Christchurch. Zenna AI answers in <3s & texts back instantly. 7-Day Trial: https://zenna.au | WhatsApp: +64 20 4115 3617","https://wa.me/642041153617"
"target_100_46_1790625268804","Christchurch Heat Pump & HVAC Pro #16","Christchurch","NZ","HVAC & Heat Pumps","+64 21 100047",",800","Ready for Demo Dispatch","G'day Christchurch Heat Pump & HVAC Pro #16! Never lose another k+ job to missed calls while on the tools in Christchurch. Zenna AI answers in <3s & texts back instantly. 7-Day Trial: https://zenna.au | WhatsApp: +64 20 4115 3617","https://wa.me/642041153617"
"target_100_47_1790625268804","Christchurch Emergency Plumbing & Gas Pro #17","Christchurch","NZ","Plumbing & Gas Fitting","+64 21 100048",",200","Ready for Demo Dispatch","G'day Christchurch Emergency Plumbing & Gas Pro #17! Never lose another k+ job to missed calls while on the tools in Christchurch. Zenna AI answers in <3s & texts back instantly. 7-Day Trial: https://zenna.au | WhatsApp: +64 20 4115 3617","https://wa.me/642041153617"
"target_100_48_1790625268804","Christchurch Solar & Electrical Pro #18","Christchurch","NZ","Electrical & Solar","+64 21 100049",",500","Ready for Demo Dispatch","G'day Christchurch Solar & Electrical Pro #18! Never lose another k+ job to missed calls while on the tools in Christchurch. Zenna AI answers in <3s & texts back instantly. 7-Day Trial: https://zenna.au | WhatsApp: +64 20 4115 3617","https://wa.me/642041153617"
"target_100_49_1790625268804","Christchurch Roofing & Guttering Pro #19","Christchurch","NZ","Roofing & Guttering","+64 21 100050","4,000","Ready for Demo Dispatch","G'day Christchurch Roofing & Guttering Pro #19! Never lose another k+ job to missed calls while on the tools in Christchurch. Zenna AI answers in <3s & texts back instantly. 7-Day Trial: https://zenna.au | WhatsApp: +64 20 4115 3617","https://wa.me/642041153617"
"target_100_50_1790625268804","Christchurch Drainlaying & Relining Pro #20","Christchurch","NZ","Drainlaying & Earthworks","+64 21 100051",",500","Ready for Demo Dispatch","G'day Christchurch Drainlaying & Relining Pro #20! Never lose another k+ job to missed calls while on the tools in Christchurch. Zenna AI answers in <3s & texts back instantly. 7-Day Trial: https://zenna.au | WhatsApp: +64 20 4115 3617","https://wa.me/642041153617"
"target_100_51_1790625268804","Christchurch Heat Pump & HVAC Pro #21","Christchurch","NZ","HVAC & Heat Pumps","+64 21 100052",",800","Ready for Demo Dispatch","G'day Christchurch Heat Pump & HVAC Pro #21! Never lose another k+ job to missed calls while on the tools in Christchurch. Zenna AI answers in <3s & texts back instantly. 7-Day Trial: https://zenna.au | WhatsApp: +64 20 4115 3617","https://wa.me/642041153617"
"target_100_52_1790625268804","Christchurch Emergency Plumbing & Gas Pro #22","Christchurch","NZ","Plumbing & Gas Fitting","+64 21 100053",",200","Ready for Demo Dispatch","G'day Christchurch Emergency Plumbing & Gas Pro #22! Never lose another k+ job to missed calls while on the tools in Christchurch. Zenna AI answers in <3s & texts back instantly. 7-Day Trial: https://zenna.au | WhatsApp: +64 20 4115 3617","https://wa.me/642041153617"
"target_100_53_1790625268804","Christchurch Solar & Electrical Pro #23","Christchurch","NZ","Electrical & Solar","+64 21 100054",",500","Ready for Demo Dispatch","G'day Christchurch Solar & Electrical Pro #23! Never lose another k+ job to missed calls while on the tools in Christchurch. Zenna AI answers in <3s & texts back instantly. 7-Day Trial: https://zenna.au | WhatsApp: +64 20 4115 3617","https://wa.me/642041153617"
"target_100_54_1790625268804","Christchurch Roofing & Guttering Pro #24","Christchurch","NZ","Roofing & Guttering","+64 21 100055","4,000","Ready for Demo Dispatch","G'day Christchurch Roofing & Guttering Pro #24! Never lose another k+ job to missed calls while on the tools in Christchurch. Zenna AI answers in <3s & texts back instantly. 7-Day Trial: https://zenna.au | WhatsApp: +64 20 4115 3617","https://wa.me/642041153617"
"target_100_55_1790625268804","Christchurch Drainlaying & Relining Pro #25","Christchurch","NZ","Drainlaying & Earthworks","+64 21 100056",",500","Ready for Demo Dispatch","G'day Christchurch Drainlaying & Relining Pro #25! Never lose another k+ job to missed calls while on the tools in Christchurch. Zenna AI answers in <3s & texts back instantly. 7-Day Trial: https://zenna.au | WhatsApp: +64 20 4115 3617","https://wa.me/642041153617"
"target_100_56_1790625268804","Wellington Heat Pump & HVAC Pro #1","Wellington","NZ","HVAC & Heat Pumps","+64 21 100057",",800","Ready for Demo Dispatch","G'day Wellington Heat Pump & HVAC Pro #1! Never lose another k+ job to missed calls while on the tools in Wellington. Zenna AI answers in <3s & texts back instantly. 7-Day Trial: https://zenna.au | WhatsApp: +64 20 4115 3617","https://wa.me/642041153617"
"target_100_57_1790625268804","Wellington Emergency Plumbing & Gas Pro #2","Wellington","NZ","Plumbing & Gas Fitting","+64 21 100058",",200","Ready for Demo Dispatch","G'day Wellington Emergency Plumbing & Gas Pro #2! Never lose another k+ job to missed calls while on the tools in Wellington. Zenna AI answers in <3s & texts back instantly. 7-Day Trial: https://zenna.au | WhatsApp: +64 20 4115 3617","https://wa.me/642041153617"
"target_100_58_1790625268804","Wellington Solar & Electrical Pro #3","Wellington","NZ","Electrical & Solar","+64 21 100059",",500","Ready for Demo Dispatch","G'day Wellington Solar & Electrical Pro #3! Never lose another k+ job to missed calls while on the tools in Wellington. Zenna AI answers in <3s & texts back instantly. 7-Day Trial: https://zenna.au | WhatsApp: +64 20 4115 3617","https://wa.me/642041153617"
"target_100_59_1790625268804","Wellington Roofing & Guttering Pro #4","Wellington","NZ","Roofing & Guttering","+64 21 100060","4,000","Ready for Demo Dispatch","G'day Wellington Roofing & Guttering Pro #4! Never lose another k+ job to missed calls while on the tools in Wellington. Zenna AI answers in <3s & texts back instantly. 7-Day Trial: https://zenna.au | WhatsApp: +64 20 4115 3617","https://wa.me/642041153617"
"target_100_60_1790625268804","Wellington Drainlaying & Relining Pro #5","Wellington","NZ","Drainlaying & Earthworks","+64 21 100061",",500","Ready for Demo Dispatch","G'day Wellington Drainlaying & Relining Pro #5! Never lose another k+ job to missed calls while on the tools in Wellington. Zenna AI answers in <3s & texts back instantly. 7-Day Trial: https://zenna.au | WhatsApp: +64 20 4115 3617","https://wa.me/642041153617"
"target_100_61_1790625268804","Wellington Heat Pump & HVAC Pro #6","Wellington","NZ","HVAC & Heat Pumps","+64 21 100062",",800","Ready for Demo Dispatch","G'day Wellington Heat Pump & HVAC Pro #6! Never lose another k+ job to missed calls while on the tools in Wellington. Zenna AI answers in <3s & texts back instantly. 7-Day Trial: https://zenna.au | WhatsApp: +64 20 4115 3617","https://wa.me/642041153617"
"target_100_62_1790625268804","Wellington Emergency Plumbing & Gas Pro #7","Wellington","NZ","Plumbing & Gas Fitting","+64 21 100063",",200","Ready for Demo Dispatch","G'day Wellington Emergency Plumbing & Gas Pro #7! Never lose another k+ job to missed calls while on the tools in Wellington. Zenna AI answers in <3s & texts back instantly. 7-Day Trial: https://zenna.au | WhatsApp: +64 20 4115 3617","https://wa.me/642041153617"
"target_100_63_1790625268804","Wellington Solar & Electrical Pro #8","Wellington","NZ","Electrical & Solar","+64 21 100064",",500","Ready for Demo Dispatch","G'day Wellington Solar & Electrical Pro #8! Never lose another k+ job to missed calls while on the tools in Wellington. Zenna AI answers in <3s & texts back instantly. 7-Day Trial: https://zenna.au | WhatsApp: +64 20 4115 3617","https://wa.me/642041153617"
"target_100_64_1790625268804","Wellington Roofing & Guttering Pro #9","Wellington","NZ","Roofing & Guttering","+64 21 100065","4,000","Ready for Demo Dispatch","G'day Wellington Roofing & Guttering Pro #9! Never lose another k+ job to missed calls while on the tools in Wellington. Zenna AI answers in <3s & texts back instantly. 7-Day Trial: https://zenna.au | WhatsApp: +64 20 4115 3617","https://wa.me/642041153617"
"target_100_65_1790625268804","Wellington Drainlaying & Relining Pro #10","Wellington","NZ","Drainlaying & Earthworks","+64 21 100066",",500","Ready for Demo Dispatch","G'day Wellington Drainlaying & Relining Pro #10! Never lose another k+ job to missed calls while on the tools in Wellington. Zenna AI answers in <3s & texts back instantly. 7-Day Trial: https://zenna.au | WhatsApp: +64 20 4115 3617","https://wa.me/642041153617"
"target_100_66_1790625268805","Wellington Heat Pump & HVAC Pro #11","Wellington","NZ","HVAC & Heat Pumps","+64 21 100067",",800","Ready for Demo Dispatch","G'day Wellington Heat Pump & HVAC Pro #11! Never lose another k+ job to missed calls while on the tools in Wellington. Zenna AI answers in <3s & texts back instantly. 7-Day Trial: https://zenna.au | WhatsApp: +64 20 4115 3617","https://wa.me/642041153617"
"target_100_67_1790625268805","Wellington Emergency Plumbing & Gas Pro #12","Wellington","NZ","Plumbing & Gas Fitting","+64 21 100068",",200","Ready for Demo Dispatch","G'day Wellington Emergency Plumbing & Gas Pro #12! Never lose another k+ job to missed calls while on the tools in Wellington. Zenna AI answers in <3s & texts back instantly. 7-Day Trial: https://zenna.au | WhatsApp: +64 20 4115 3617","https://wa.me/642041153617"
"target_100_68_1790625268805","Wellington Solar & Electrical Pro #13","Wellington","NZ","Electrical & Solar","+64 21 100069",",500","Ready for Demo Dispatch","G'day Wellington Solar & Electrical Pro #13! Never lose another k+ job to missed calls while on the tools in Wellington. Zenna AI answers in <3s & texts back instantly. 7-Day Trial: https://zenna.au | WhatsApp: +64 20 4115 3617","https://wa.me/642041153617"
"target_100_69_1790625268805","Wellington Roofing & Guttering Pro #14","Wellington","NZ","Roofing & Guttering","+64 21 100070","4,000","Ready for Demo Dispatch","G'day Wellington Roofing & Guttering Pro #14! Never lose another k+ job to missed calls while on the tools in Wellington. Zenna AI answers in <3s & texts back instantly. 7-Day Trial: https://zenna.au | WhatsApp: +64 20 4115 3617","https://wa.me/642041153617"
"target_100_70_1790625268805","Wellington Drainlaying & Relining Pro #15","Wellington","NZ","Drainlaying & Earthworks","+64 21 100071",",500","Ready for Demo Dispatch","G'day Wellington Drainlaying & Relining Pro #15! Never lose another k+ job to missed calls while on the tools in Wellington. Zenna AI answers in <3s & texts back instantly. 7-Day Trial: https://zenna.au | WhatsApp: +64 20 4115 3617","https://wa.me/642041153617"
"target_100_71_1790625268805","Wellington Heat Pump & HVAC Pro #16","Wellington","NZ","HVAC & Heat Pumps","+64 21 100072",",800","Ready for Demo Dispatch","G'day Wellington Heat Pump & HVAC Pro #16! Never lose another k+ job to missed calls while on the tools in Wellington. Zenna AI answers in <3s & texts back instantly. 7-Day Trial: https://zenna.au | WhatsApp: +64 20 4115 3617","https://wa.me/642041153617"
"target_100_72_1790625268805","Wellington Emergency Plumbing & Gas Pro #17","Wellington","NZ","Plumbing & Gas Fitting","+64 21 100073",",200","Ready for Demo Dispatch","G'day Wellington Emergency Plumbing & Gas Pro #17! Never lose another k+ job to missed calls while on the tools in Wellington. Zenna AI answers in <3s & texts back instantly. 7-Day Trial: https://zenna.au | WhatsApp: +64 20 4115 3617","https://wa.me/642041153617"
"target_100_73_1790625268805","Wellington Solar & Electrical Pro #18","Wellington","NZ","Electrical & Solar","+64 21 100074",",500","Ready for Demo Dispatch","G'day Wellington Solar & Electrical Pro #18! Never lose another k+ job to missed calls while on the tools in Wellington. Zenna AI answers in <3s & texts back instantly. 7-Day Trial: https://zenna.au | WhatsApp: +64 20 4115 3617","https://wa.me/642041153617"
"target_100_74_1790625268805","Wellington Roofing & Guttering Pro #19","Wellington","NZ","Roofing & Guttering","+64 21 100075","4,000","Ready for Demo Dispatch","G'day Wellington Roofing & Guttering Pro #19! Never lose another k+ job to missed calls while on the tools in Wellington. Zenna AI answers in <3s & texts back instantly. 7-Day Trial: https://zenna.au | WhatsApp: +64 20 4115 3617","https://wa.me/642041153617"
"target_100_75_1790625268805","Wellington Drainlaying & Relining Pro #20","Wellington","NZ","Drainlaying & Earthworks","+64 21 100076",",500","Ready for Demo Dispatch","G'day Wellington Drainlaying & Relining Pro #20! Never lose another k+ job to missed calls while on the tools in Wellington. Zenna AI answers in <3s & texts back instantly. 7-Day Trial: https://zenna.au | WhatsApp: +64 20 4115 3617","https://wa.me/642041153617"
"target_100_76_1790625268805","Tauranga/Hamilton Heat Pump & HVAC Pro #1","Tauranga/Hamilton","NZ","HVAC & Heat Pumps","+64 21 100077",",800","Ready for Demo Dispatch","G'day Tauranga/Hamilton Heat Pump & HVAC Pro #1! Never lose another k+ job to missed calls while on the tools in Tauranga/Hamilton. Zenna AI answers in <3s & texts back instantly. 7-Day Trial: https://zenna.au | WhatsApp: +64 20 4115 3617","https://wa.me/642041153617"
"target_100_77_1790625268805","Tauranga/Hamilton Emergency Plumbing & Gas Pro #2","Tauranga/Hamilton","NZ","Plumbing & Gas Fitting","+64 21 100078",",200","Ready for Demo Dispatch","G'day Tauranga/Hamilton Emergency Plumbing & Gas Pro #2! Never lose another k+ job to missed calls while on the tools in Tauranga/Hamilton. Zenna AI answers in <3s & texts back instantly. 7-Day Trial: https://zenna.au | WhatsApp: +64 20 4115 3617","https://wa.me/642041153617"
"target_100_78_1790625268805","Tauranga/Hamilton Solar & Electrical Pro #3","Tauranga/Hamilton","NZ","Electrical & Solar","+64 21 100079",",500","Ready for Demo Dispatch","G'day Tauranga/Hamilton Solar & Electrical Pro #3! Never lose another k+ job to missed calls while on the tools in Tauranga/Hamilton. Zenna AI answers in <3s & texts back instantly. 7-Day Trial: https://zenna.au | WhatsApp: +64 20 4115 3617","https://wa.me/642041153617"
"target_100_79_1790625268805","Tauranga/Hamilton Roofing & Guttering Pro #4","Tauranga/Hamilton","NZ","Roofing & Guttering","+64 21 100080","4,000","Ready for Demo Dispatch","G'day Tauranga/Hamilton Roofing & Guttering Pro #4! Never lose another k+ job to missed calls while on the tools in Tauranga/Hamilton. Zenna AI answers in <3s & texts back instantly. 7-Day Trial: https://zenna.au | WhatsApp: +64 20 4115 3617","https://wa.me/642041153617"
"target_100_80_1790625268805","Tauranga/Hamilton Drainlaying & Relining Pro #5","Tauranga/Hamilton","NZ","Drainlaying & Earthworks","+64 21 100081",",500","Ready for Demo Dispatch","G'day Tauranga/Hamilton Drainlaying & Relining Pro #5! Never lose another k+ job to missed calls while on the tools in Tauranga/Hamilton. Zenna AI answers in <3s & texts back instantly. 7-Day Trial: https://zenna.au | WhatsApp: +64 20 4115 3617","https://wa.me/642041153617"
"target_100_81_1790625268805","Tauranga/Hamilton Heat Pump & HVAC Pro #6","Tauranga/Hamilton","NZ","HVAC & Heat Pumps","+64 21 100082",",800","Ready for Demo Dispatch","G'day Tauranga/Hamilton Heat Pump & HVAC Pro #6! Never lose another k+ job to missed calls while on the tools in Tauranga/Hamilton. Zenna AI answers in <3s & texts back instantly. 7-Day Trial: https://zenna.au | WhatsApp: +64 20 4115 3617","https://wa.me/642041153617"
"target_100_82_1790625268805","Tauranga/Hamilton Emergency Plumbing & Gas Pro #7","Tauranga/Hamilton","NZ","Plumbing & Gas Fitting","+64 21 100083",",200","Ready for Demo Dispatch","G'day Tauranga/Hamilton Emergency Plumbing & Gas Pro #7! Never lose another k+ job to missed calls while on the tools in Tauranga/Hamilton. Zenna AI answers in <3s & texts back instantly. 7-Day Trial: https://zenna.au | WhatsApp: +64 20 4115 3617","https://wa.me/642041153617"
"target_100_83_1790625268805","Tauranga/Hamilton Solar & Electrical Pro #8","Tauranga/Hamilton","NZ","Electrical & Solar","+64 21 100084",",500","Ready for Demo Dispatch","G'day Tauranga/Hamilton Solar & Electrical Pro #8! Never lose another k+ job to missed calls while on the tools in Tauranga/Hamilton. Zenna AI answers in <3s & texts back instantly. 7-Day Trial: https://zenna.au | WhatsApp: +64 20 4115 3617","https://wa.me/642041153617"
"target_100_84_1790625268805","Tauranga/Hamilton Roofing & Guttering Pro #9","Tauranga/Hamilton","NZ","Roofing & Guttering","+64 21 100085","4,000","Ready for Demo Dispatch","G'day Tauranga/Hamilton Roofing & Guttering Pro #9! Never lose another k+ job to missed calls while on the tools in Tauranga/Hamilton. Zenna AI answers in <3s & texts back instantly. 7-Day Trial: https://zenna.au | WhatsApp: +64 20 4115 3617","https://wa.me/642041153617"
"target_100_85_1790625268805","Tauranga/Hamilton Drainlaying & Relining Pro #10","Tauranga/Hamilton","NZ","Drainlaying & Earthworks","+64 21 100086",",500","Ready for Demo Dispatch","G'day Tauranga/Hamilton Drainlaying & Relining Pro #10! Never lose another k+ job to missed calls while on the tools in Tauranga/Hamilton. Zenna AI answers in <3s & texts back instantly. 7-Day Trial: https://zenna.au | WhatsApp: +64 20 4115 3617","https://wa.me/642041153617"
"target_100_86_1790625268805","Tauranga/Hamilton Heat Pump & HVAC Pro #11","Tauranga/Hamilton","NZ","HVAC & Heat Pumps","+64 21 100087",",800","Ready for Demo Dispatch","G'day Tauranga/Hamilton Heat Pump & HVAC Pro #11! Never lose another k+ job to missed calls while on the tools in Tauranga/Hamilton. Zenna AI answers in <3s & texts back instantly. 7-Day Trial: https://zenna.au | WhatsApp: +64 20 4115 3617","https://wa.me/642041153617"
"target_100_87_1790625268805","Tauranga/Hamilton Emergency Plumbing & Gas Pro #12","Tauranga/Hamilton","NZ","Plumbing & Gas Fitting","+64 21 100088",",200","Ready for Demo Dispatch","G'day Tauranga/Hamilton Emergency Plumbing & Gas Pro #12! Never lose another k+ job to missed calls while on the tools in Tauranga/Hamilton. Zenna AI answers in <3s & texts back instantly. 7-Day Trial: https://zenna.au | WhatsApp: +64 20 4115 3617","https://wa.me/642041153617"
"target_100_88_1790625268805","Tauranga/Hamilton Solar & Electrical Pro #13","Tauranga/Hamilton","NZ","Electrical & Solar","+64 21 100089",",500","Ready for Demo Dispatch","G'day Tauranga/Hamilton Solar & Electrical Pro #13! Never lose another k+ job to missed calls while on the tools in Tauranga/Hamilton. Zenna AI answers in <3s & texts back instantly. 7-Day Trial: https://zenna.au | WhatsApp: +64 20 4115 3617","https://wa.me/642041153617"
"target_100_89_1790625268805","Tauranga/Hamilton Roofing & Guttering Pro #14","Tauranga/Hamilton","NZ","Roofing & Guttering","+64 21 100090","4,000","Ready for Demo Dispatch","G'day Tauranga/Hamilton Roofing & Guttering Pro #14! Never lose another k+ job to missed calls while on the tools in Tauranga/Hamilton. Zenna AI answers in <3s & texts back instantly. 7-Day Trial: https://zenna.au | WhatsApp: +64 20 4115 3617","https://wa.me/642041153617"
"target_100_90_1790625268805","Tauranga/Hamilton Drainlaying & Relining Pro #15","Tauranga/Hamilton","NZ","Drainlaying & Earthworks","+64 21 100091",",500","Ready for Demo Dispatch","G'day Tauranga/Hamilton Drainlaying & Relining Pro #15! Never lose another k+ job to missed calls while on the tools in Tauranga/Hamilton. Zenna AI answers in <3s & texts back instantly. 7-Day Trial: https://zenna.au | WhatsApp: +64 20 4115 3617","https://wa.me/642041153617"
"target_100_91_1790625268805","Sydney/Brisbane Heat Pump & HVAC Pro #1","Sydney/Brisbane","AU","HVAC & Heat Pumps","+61 411 100092",",800","Ready for Demo Dispatch","G'day Sydney/Brisbane Heat Pump & HVAC Pro #1! Never lose another k+ job to missed calls while on the tools in Sydney/Brisbane. Zenna AI answers in <3s & texts back instantly. 7-Day Trial: https://zenna.au | WhatsApp: +64 20 4115 3617","https://wa.me/642041153617"
"target_100_92_1790625268805","Sydney/Brisbane Emergency Plumbing & Gas Pro #2","Sydney/Brisbane","AU","Plumbing & Gas Fitting","+61 411 100093",",200","Ready for Demo Dispatch","G'day Sydney/Brisbane Emergency Plumbing & Gas Pro #2! Never lose another k+ job to missed calls while on the tools in Sydney/Brisbane. Zenna AI answers in <3s & texts back instantly. 7-Day Trial: https://zenna.au | WhatsApp: +64 20 4115 3617","https://wa.me/642041153617"
"target_100_93_1790625268805","Sydney/Brisbane Solar & Electrical Pro #3","Sydney/Brisbane","AU","Electrical & Solar","+61 411 100094",",500","Ready for Demo Dispatch","G'day Sydney/Brisbane Solar & Electrical Pro #3! Never lose another k+ job to missed calls while on the tools in Sydney/Brisbane. Zenna AI answers in <3s & texts back instantly. 7-Day Trial: https://zenna.au | WhatsApp: +64 20 4115 3617","https://wa.me/642041153617"
"target_100_94_1790625268805","Sydney/Brisbane Roofing & Guttering Pro #4","Sydney/Brisbane","AU","Roofing & Guttering","+61 411 100095","4,000","Ready for Demo Dispatch","G'day Sydney/Brisbane Roofing & Guttering Pro #4! Never lose another k+ job to missed calls while on the tools in Sydney/Brisbane. Zenna AI answers in <3s & texts back instantly. 7-Day Trial: https://zenna.au | WhatsApp: +64 20 4115 3617","https://wa.me/642041153617"
"target_100_95_1790625268805","Sydney/Brisbane Drainlaying & Relining Pro #5","Sydney/Brisbane","AU","Drainlaying & Earthworks","+61 411 100096",",500","Ready for Demo Dispatch","G'day Sydney/Brisbane Drainlaying & Relining Pro #5! Never lose another k+ job to missed calls while on the tools in Sydney/Brisbane. Zenna AI answers in <3s & texts back instantly. 7-Day Trial: https://zenna.au | WhatsApp: +64 20 4115 3617","https://wa.me/642041153617"
"target_100_96_1790625268805","Sydney/Brisbane Heat Pump & HVAC Pro #6","Sydney/Brisbane","AU","HVAC & Heat Pumps","+61 411 100097",",800","Ready for Demo Dispatch","G'day Sydney/Brisbane Heat Pump & HVAC Pro #6! Never lose another k+ job to missed calls while on the tools in Sydney/Brisbane. Zenna AI answers in <3s & texts back instantly. 7-Day Trial: https://zenna.au | WhatsApp: +64 20 4115 3617","https://wa.me/642041153617"
"target_100_97_1790625268805","Sydney/Brisbane Emergency Plumbing & Gas Pro #7","Sydney/Brisbane","AU","Plumbing & Gas Fitting","+61 411 100098",",200","Ready for Demo Dispatch","G'day Sydney/Brisbane Emergency Plumbing & Gas Pro #7! Never lose another k+ job to missed calls while on the tools in Sydney/Brisbane. Zenna AI answers in <3s & texts back instantly. 7-Day Trial: https://zenna.au | WhatsApp: +64 20 4115 3617","https://wa.me/642041153617"
"target_100_98_1790625268805","Sydney/Brisbane Solar & Electrical Pro #8","Sydney/Brisbane","AU","Electrical & Solar","+61 411 100099",",500","Ready for Demo Dispatch","G'day Sydney/Brisbane Solar & Electrical Pro #8! Never lose another k+ job to missed calls while on the tools in Sydney/Brisbane. Zenna AI answers in <3s & texts back instantly. 7-Day Trial: https://zenna.au | WhatsApp: +64 20 4115 3617","https://wa.me/642041153617"
"target_100_99_1790625268805","Sydney/Brisbane Roofing & Guttering Pro #9","Sydney/Brisbane","AU","Roofing & Guttering","+61 411 100100","4,000","Ready for Demo Dispatch","G'day Sydney/Brisbane Roofing & Guttering Pro #9! Never lose another k+ job to missed calls while on the tools in Sydney/Brisbane. Zenna AI answers in <3s & texts back instantly. 7-Day Trial: https://zenna.au | WhatsApp: +64 20 4115 3617","https://wa.me/642041153617"
"target_100_100_1790625268805","Sydney/Brisbane Drainlaying & Relining Pro #10","Sydney/Brisbane","AU","Drainlaying & Earthworks","+61 411 100101",",500","Ready for Demo Dispatch","G'day Sydney/Brisbane Drainlaying & Relining Pro #10! Never lose another k+ job to missed calls while on the tools in Sydney/Brisbane. Zenna AI answers in <3s & texts back instantly. 7-Day Trial: https://zenna.au | WhatsApp: +64 20 4115 3617","https://wa.me/642041153617"